run_id,job_id,job_name,status,conclusion,started_at,completed_at,duration_seconds,runner_name,runner_labels_raw,runner_label_matched,runner_sku,rate_usd_per_min,ceil_minutes,actions_cost_usd_notional
37269278813,111632611700,activation,completed,success,2026-10-05T05:46:41Z,2026-10-05T05:47:01Z,20.0,GitHub Actions 1020033878,"[""ubuntu-slim""]",ubuntu-slim,actions_linux_slim,0.002,1,0.002
37269278813,111632698557,agent,completed,success,2026-10-05T05:47:05Z,2026-10-05T05:52:20Z,315.0,GitHub Actions 1020033902,"[""ubuntu-latest""]",ubuntu-latest,actions_linux,0.006,6,0.036000000000000004
37269278813,111633856540,detection,completed,success,2026-10-05T05:52:24Z,2026-10-05T05:53:55Z,91.0,GitHub Actions 1020034247,"[""ubuntu-latest""]",ubuntu-latest,actions_linux,0.006,2,0.012
37269278813,111634207752,update_cache_memory,completed,success,2026-10-05T05:53:58Z,2026-10-05T05:54:09Z,11.0,GitHub Actions 1020034323,"[""ubuntu-slim""]",ubuntu-slim,actions_linux_slim,0.002,1,0.002
37269278813,111634207761,safe_outputs,completed,success,2026-10-05T05:53:59Z,2026-10-05T05:54:25Z,26.0,GitHub Actions 1020034324,"[""ubuntu-slim""]",ubuntu-slim,actions_linux_slim,0.002,1,0.002
37269278813,111634318690,conclusion,completed,success,2026-10-05T05:54:28Z,2026-10-05T05:54:44Z,16.0,GitHub Actions 1020034344,"[""ubuntu-slim""]",ubuntu-slim,actions_linux_slim,0.002,1,0.002
37312466277,111770978839,activation,completed,success,2026-10-05T12:51:44Z,2026-10-05T12:52:09Z,25.0,GitHub Actions 1065109642,"[""ubuntu-slim""]",ubuntu-slim,actions_linux_slim,0.002,1,0.002
37312466277,111771175406,agent,completed,success,2026-10-05T12:52:13Z,2026-10-05T12:57:00Z,287.0,GitHub Actions 1065109675,"[""ubuntu-latest""]",ubuntu-latest,actions_linux,0.006,5,0.03
37312466277,111773088422,detection,completed,success,2026-10-05T12:57:04Z,2026-10-05T12:58:15Z,71.0,GitHub Actions 1065110356,"[""ubuntu-latest""]",ubuntu-latest,actions_linux,0.006,2,0.012
37312466277,111773585428,update_cache_memory,completed,success,2026-10-05T12:58:21Z,2026-10-05T12:58:42Z,21.0,GitHub Actions 1065110534,"[""ubuntu-slim""]",ubuntu-slim,actions_linux_slim,0.002,1,0.002
37312466277,111773585692,safe_outputs,completed,success,2026-10-05T12:58:20Z,2026-10-05T12:58:36Z,16.0,GitHub Actions 1065110535,"[""ubuntu-slim""]",ubuntu-slim,actions_linux_slim,0.002,1,0.002
37312466277,111773772129,conclusion,completed,success,2026-10-05T12:58:47Z,2026-10-05T12:59:11Z,24.0,GitHub Actions 1065110564,"[""ubuntu-slim""]",ubuntu-slim,actions_linux_slim,0.002,1,0.002
37328625151,111825677056,pre_activation,completed,success,2026-10-05T14:55:28Z,2026-10-05T14:55:39Z,11.0,GitHub Actions 1065134157,"[""ubuntu-slim""]",ubuntu-slim,actions_linux_slim,0.002,1,0.002
37328625151,111825853242,activation,completed,success,2026-10-05T14:55:52Z,2026-10-05T14:56:28Z,36.0,GitHub Actions 1065134259,"[""ubuntu-slim""]",ubuntu-slim,actions_linux_slim,0.002,1,0.002
37328625151,111826221843,agent,completed,success,2026-10-05T14:56:52Z,2026-10-05T14:58:41Z,109.0,GitHub Actions 1065134524,"[""ubuntu-latest""]",ubuntu-latest,actions_linux,0.006,2,0.012
37328625151,111827250867,detection,completed,success,2026-10-05T14:59:22Z,2026-10-05T15:00:42Z,80.0,GitHub Actions 1065135181,"[""ubuntu-latest""]",ubuntu-latest,actions_linux,0.006,2,0.012
37328625151,111828146310,safe_outputs,completed,success,2026-10-05T15:00:50Z,2026-10-05T15:01:10Z,20.0,GitHub Actions 1065135451,"[""ubuntu-slim""]",ubuntu-slim,actions_linux_slim,0.002,1,0.002
37328625151,111828352171,conclusion,completed,success,2026-10-05T15:01:26Z,2026-10-05T15:02:04Z,38.0,GitHub Actions 1065135560,"[""ubuntu-slim""]",ubuntu-slim,actions_linux_slim,0.002,1,0.002
37235561667,111533833104,activation,completed,success,2026-10-04T21:18:32Z,2026-10-04T21:18:48Z,16.0,GitHub Actions 1002131462,"[""ubuntu-slim""]",ubuntu-slim,actions_linux_slim,0.002,1,0.002
37235561667,111533893481,agent,completed,success,2026-10-04T21:18:53Z,2026-10-04T21:21:20Z,147.0,GitHub Actions 1002131464,"[""ubuntu-latest""]",ubuntu-latest,actions_linux,0.006,3,0.018000000000000002
37235561667,111534390236,detection,completed,success,2026-10-04T21:21:23Z,2026-10-04T21:22:21Z,58.0,GitHub Actions 1002131465,"[""ubuntu-latest""]",ubuntu-latest,actions_linux,0.006,1,0.006
37235561667,111534594184,safe_outputs,completed,success,2026-10-04T21:22:36Z,2026-10-04T21:22:52Z,16.0,GitHub Actions 1002131471,"[""ubuntu-slim""]",ubuntu-slim,actions_linux_slim,0.002,1,0.002
37235561667,111534690755,conclusion,completed,success,2026-10-04T21:22:56Z,2026-10-04T21:23:16Z,20.0,GitHub Actions 1002131472,"[""ubuntu-slim""]",ubuntu-slim,actions_linux_slim,0.002,1,0.002
36728232182,109930589280,pre_activation,completed,success,2026-09-30T14:19:37Z,2026-09-30T14:19:46Z,9.0,GitHub Actions 1000733962,"[""ubuntu-slim""]",ubuntu-slim,actions_linux_slim,0.002,1,0.002
36728232182,109930756880,activation,completed,success,2026-09-30T14:19:51Z,2026-09-30T14:20:20Z,29.0,GitHub Actions 1000733966,"[""ubuntu-slim""]",ubuntu-slim,actions_linux_slim,0.002,1,0.002
36728232182,109931003814,agent,completed,success,2026-09-30T14:21:37Z,2026-09-30T14:24:44Z,187.0,GitHub Actions 1000733991,"[""ubuntu-latest""]",ubuntu-latest,actions_linux,0.006,4,0.024
36728232182,109932949662,detection,completed,success,2026-09-30T14:24:47Z,2026-09-30T14:25:46Z,59.0,GitHub Actions 1000734001,"[""ubuntu-latest""]",ubuntu-latest,actions_linux,0.006,1,0.006
36728232182,109933407789,safe_outputs,completed,success,2026-09-30T14:25:51Z,2026-09-30T14:26:15Z,24.0,GitHub Actions 1000734002,"[""ubuntu-slim""]",ubuntu-slim,actions_linux_slim,0.002,1,0.002
36728232182,109933625084,conclusion,completed,success,2026-09-30T14:26:19Z,2026-09-30T14:26:33Z,14.0,GitHub Actions 1000734011,"[""ubuntu-slim""]",ubuntu-slim,actions_linux_slim,0.002,1,0.002
